0,Sony Interactive Entertainment,677.063,116.624
1,Sony Interactive Entertainment,645.067,37.072
2,Sony Interactive Entertainment,707.034,121.572
3,Sony Interactive Entertainment,614.298,99.340
4,Sony Interactive Entertainment,695.453,93.329
5,Sony Interactive Entertainment,711.507,122.110
6,Sony Interactive Entertainment,635.623,39.969
7,Sony Interactive Entertainment,674.423,44.959
8,Sony Interactive Entertainment,600.151,126.729
9,Sony Interactive Entertainment,598.157,98.885
10,Sony Interactive Entertainment,679.504,149.609
11,Sony Interactive Entertainment,679.769,116.033
12,Sony Interactive Entertainment,684.029,89.399
13,Sony Interactive Entertainment,624.836,145.881
14,Sony Interactive Entertainment,666.070,87.523
15,Sony Interactive Entertainment,615.437,129.349
16,Sony Interactive Entertainment,650.550,94.946
17,Sony Interactive Entertainment,696.451,88.741
18,Sony Interactive Entertainment,652.356,52.693
19,Sony Interactive Entertainment,601.771,82.544
20,Sony Interactive Entertainment,616.286,67.651
21,Sony Interactive Entertainment,691.962,118.925
22,Sony Interactive Entertainment,624.485,156.164
23,Sony Interactive Entertainment,651.179,158.417
24,Sony Interactive Entertainment,636.449,50.721
25,Sony Interactive Entertainment,665.835,155.692
26,Sony Interactive Entertainment,606.190,128.711
27,Sony Interactive Entertainment,627.787,137.616
28,Sony Interactive Entertainment,659.424,149.902
29,Sony Interactive Entertainment,667.169,147.123
30,Sony Interactive Entertainment,607.120,115.320
31,Sony Interactive Entertainment,686.333,95.478
32,Sony Interactive Entertainment,627.316,67.472
33,Sony Interactive Entertainment,675.502,127.652
34,Sony Interactive Entertainment,594.793,76.766
35,Sony Interactive Entertainment,658.791,134.401
36,Sony Interactive Entertainment,632.128,51.902
37,Sony Interactive Entertainment,605.696,106.944
38,Sony Interactive Entertainment,661.523,155.460
39,Sony Interactive Entertainment,597.110,75.203
40,Sony Interactive Entertainment,625.413,93.136
41,Sony Interactive Entertainment,648.968,127.738
42,Sony Interactive Entertainment,671.948,89.838
43,Sony Interactive Entertainment,612.548,116.538
44,Sony Interactive Entertainment,608.673,136.578
45,Sony Interactive Entertainment,646.873,97.703
46,Sony Interactive Entertainment,677.031,130.303
47,Sony Interactive Entertainment,663.849,157.780
48,Sony Interactive Entertainment,644.601,91.832
49,Sony Interactive Entertainment,677.105,105.961
50,Sony Interactive Entertainment,601.030,131.635
51,Sony Interactive Entertainment,690.316,116.368
52,Sony Interactive Entertainment,631.685,157.991
53,Sony Interactive Entertainment,670.001,135.267
54,Sony Interactive Entertainment,683.914,66.669
55,Sony Interactive Entertainment,646.903,57.701
56,Sony Interactive Entertainment,642.596,39.126
57,Sony Interactive Entertainment,652.255,133.647
58,Sony Interactive Entertainment,615.301,89.794
59,Sony Interactive Entertainment,633.584,110.219
60,Sony Interactive Entertainment,635.921,167.654
61,Sony Interactive Entertainment,604.672,72.336
62,Sony Interactive Entertainment,701.446,132.003
63,Sony Interactive Entertainment,645.289,137.850
64,Sony Interactive Entertainment,587.100,125.811
65,Sony Interactive Entertainment,687.823,161.391
66,Sony Interactive Entertainment,689.761,94.461
67,Sony Interactive Entertainment,610.494,87.657
68,Sony Interactive Entertainment,649.278,76.116
69,Sony Interactive Entertainment,674.328,83.084
70,Sony Interactive Entertainment,619.434,118.172
71,Sony Interactive Entertainment,613.280,96.627
72,Sony Interactive Entertainment,639.680,161.904
73,Sony Interactive Entertainment,670.222,104.890
74,Sony Interactive Entertainment,624.986,136.769
75,Sony Interactive Entertainment,668.916,86.728
76,Sony Interactive Entertainment,711.226,135.312
77,Sony Interactive Entertainment,686.944,116.054
78,Sony Interactive Entertainment,629.029,116.583
79,Sony Interactive Entertainment,680.741,160.520
80,Sony Interactive Entertainment,631.160,87.908
81,Sony Interactive Entertainment,591.991,132.816
82,Sony Interactive Entertainment,661.305,165.765
83,Sony Interactive Entertainment,628.557,151.233
84,Sony Interactive Entertainment,604.881,89.239
85,Sony Interactive Entertainment,583.762,112.534
86,Sony Interactive Entertainment,638.124,121.898
87,Sony Interactive Entertainment,638.697,113.126
88,Sony Interactive Entertainment,697.975,55.907
89,Sony Interactive Entertainment,627.631,75.676
90,Sony Interactive Entertainment,608.701,83.059
91,Sony Interactive Entertainment,655.133,89.380
92,Sony Interactive Entertainment,706.279,89.856
93,Sony Interactive Entertainment,689.421,139.841
94,Sony Interactive Entertainment,666.563,95.407
95,Sony Interactive Entertainment,688.385,73.529
96,Sony Interactive Entertainment,618.458,112.472
97,Sony Interactive Entertainment,597.078,119.208
98,Sony Interactive Entertainment,633.329,169.663
99,Sony Interactive Entertainment,627.389,158.133
100,Sony Interactive Entertainment,650.982,144.190
101,Sony Interactive Entertainment,697.864,136.342
102,Sony Interactive Entertainment,601.035,118.294
103,Sony Interactive Entertainment,583.732,103.490
104,Sony Interactive Entertainment,709.241,109.891
105,Sony Interactive Entertainment,603.043,143.912
106,Sony Interactive Entertainment,681.102,61.652
107,Sony Interactive Entertainment,667.225,158.397
108,Sony Interactive Entertainment,623.061,60.831
109,Sony Interactive Entertainment,666.446,41.472
110,Sony Interactive Entertainment,704.838,92.318
111,Sony Interactive Entertainment,672.393,73.969
112,Sony Interactive Entertainment,660.680,122.176
113,Sony Interactive Entertainment,657.118,119.636
114,Sony Interactive Entertainment,674.276,115.018
115,Sony Interactive Entertainment,632.526,96.531
116,Sony Interactive Entertainment,677.771,87.076
117,Sony Interactive Entertainment,590.186,94.446
118,Sony Interactive Entertainment,670.662,59.834
119,Sony Interactive Entertainment,712.222,100.320
120,Sony Interactive Entertainment,690.943,122.221
121,Sony Interactive Entertainment,641.864,88.144
122,Sony Interactive Entertainment,673.042,47.440
123,Sony Interactive Entertainment,647.577,103.191
124,Sony Interactive Entertainment,638.184,93.267
125,Sony Interactive Entertainment,599.765,76.043
126,Sony Interactive Entertainment,628.097,112.810
127,Sony Interactive Entertainment,647.140,125.357
128,Sony Interactive Entertainment,706.438,117.164
129,Sony Interactive Entertainment,671.993,81.523
130,Sony Interactive Entertainment,640.809,155.940
131,Sony Interactive Entertainment,620.976,127.846
132,Sony Interactive Entertainment,620.453,144.116
133,Sony Interactive Entertainment,612.035,113.664
134,Sony Interactive Entertainment,670.022,94.240
135,Sony Interactive Entertainment,676.652,53.429
136,Sony Interactive Entertainment,611.150,129.999
137,Sony Interactive Entertainment,662.798,48.874
138,Sony Interactive Entertainment,637.850,124.295
139,Sony Interactive Entertainment,588.706,123.144
140,Sony Interactive Entertainment,615.650,132.690
141,Sony Interactive Entertainment,676.138,72.738
142,Sony Interactive Entertainment,594.695,89.698
143,Sony Interactive Entertainment,596.212,101.734
144,Sony Interactive Entertainment,588.304,115.213
145,Sony Interactive Entertainment,648.559,148.845
146,Sony Interactive Entertainment,613.830,55.519
147,Sony Interactive Entertainment,611.773,107.313
148,Sony Interactive Entertainment,673.170,51.848
149,Sony Interactive Entertainment,666.291,131.855
150,Sony Interactive Entertainment,634.255,76.009
151,Sony Interactive Entertainment,716.185,109.434
152,Sony Interactive Entertainment,627.244,163.158
153,Sony Interactive Entertainment,619.275,136.700
154,Sony Interactive Entertainment,630.181,76.084
155,Sony Interactive Entertainment,617.628,120.364
156,Sony Interactive Entertainment,617.527,54.442
157,Sony Interactive Entertainment,663.268,143.094
158,Sony Interactive Entertainment,701.283,102.474
159,Sony Interactive Entertainment,647.564,100.524
160,Sony Interactive Entertainment,688.543,123.653
161,Sony Interactive Entertainment,636.959,160.630
162,Sony Interactive Entertainment,613.732,64.942
163,Sony Interactive Entertainment,594.298,125.688
164,Sony Interactive Entertainment,598.776,133.766
165,Sony Interactive Entertainment,689.188,147.147
166,Sony Interactive Entertainment,619.146,157.711
167,Sony Interactive Entertainment,680.123,53.126
168,Sony Interactive Entertainment,621.250,76.850
169,Sony Interactive Entertainment,584.971,92.776
170,Sony Interactive Entertainment,598.444,104.064
171,Sony Interactive Entertainment,681.322,92.405
172,Sony Interactive Entertainment,670.770,63.188
173,Sony Interactive Entertainment,677.836,77.741
174,Sony Interactive Entertainment,644.772,132.822
175,Sony Interactive Entertainment,671.350,56.299
176,Sony Interactive Entertainment,648.518,132.415
177,Sony Interactive Entertainment,664.099,46.554
178,Sony Interactive Entertainment,640.077,39.336
179,Sony Interactive Entertainment,586.660,97.402
180,Sony Interactive Entertainment,642.556,138.485
181,Sony Interactive Entertainment,661.387,99.495
182,Sony Interactive Entertainment,639.282,138.840
183,Sony Interactive Entertainment,655.828,100.113
184,Sony Interactive Entertainment,661.975,44.002
185,Sony Interactive Entertainment,586.268,122.478
186,Sony Interactive Entertainment,672.501,157.397
187,Sony Interactive Entertainment,649.908,171.682
188,Sony Interactive Entertainment,652.996,47.302
189,Sony Interactive Entertainment,683.565,94.439
190,Sony Interactive Entertainment,615.448,154.662
191,Sony Interactive Entertainment,657.199,160.373
192,Sony Interactive Entertainment,646.809,76.448
193,Sony Interactive Entertainment,664.782,70.106
194,Sony Interactive Entertainment,618.299,88.261
195,Sony Interactive Entertainment,689.943,103.401
196,Sony Interactive Entertainment,642.919,171.540
197,Sony Interactive Entertainment,627.180,99.221
198,Sony Interactive Entertainment,648.977,89.822
199,Sony Interactive Entertainment,624.364,100.957
200,Sony Interactive Entertainment,656.733,97.917
201,Sony Interactive Entertainment,702.915,61.552
202,Sony Interactive Entertainment,631.311,167.516
203,Sony Interactive Entertainment,676.508,134.891
204,Sony Interactive Entertainment,693.500,115.819
205,Sony Interactive Entertainment,680.585,49.498
206,Sony Interactive Entertainment,628.180,57.261
207,Sony Interactive Entertainment,657.660,95.283
208,Sony Interactive Entertainment,679.360,94.413
209,Sony Interactive Entertainment,685.024,152.938
210,Sony Interactive Entertainment,643.580,79.105
211,Sony Interactive Entertainment,607.714,88.057
212,Sony Interactive Entertainment,662.377,90.372
213,Sony Interactive Entertainment,607.787,72.433
214,Sony Interactive Entertainment,706.594,73.270
215,Sony Interactive Entertainment,628.815,101.534
216,Sony Interactive Entertainment,664.184,118.410
217,Sony Interactive Entertainment,628.562,45.412
218,Sony Interactive Entertainment,696.499,62.701
219,Sony Interactive Entertainment,625.673,129.922
220,Sony Interactive Entertainment,641.044,48.235
221,Sony Interactive Entertainment,687.001,63.010
222,Sony Interactive Entertainment,654.148,50.157
223,Sony Interactive Entertainment,618.060,123.634
224,Sony Interactive Entertainment,585.693,119.920
225,Sony Interactive Entertainment,668.638,75.268
226,Sony Interactive Entertainment,612.846,70.287
227,Sony Interactive Entertainment,615.212,121.915
228,Sony Interactive Entertainment,634.528,60.041
229,Sony Interactive Entertainment,619.827,59.136
230,Sony Interactive Entertainment,649.172,72.381
231,Sony Interactive Entertainment,639.474,83.184
232,Sony Interactive Entertainment,706.115,125.173
233,Sony Interactive Entertainment,696.113,101.437
234,Sony Interactive Entertainment,663.070,67.479
235,Sony Interactive Entertainment,661.826,148.363
236,Sony Interactive Entertainment,625.937,150.885
237,Sony Interactive Entertainment,611.472,53.977
238,Sony Interactive Entertainment,673.896,147.103
239,Sony Interactive Entertainment,659.116,53.050
240,Sony Interactive Entertainment,596.931,65.481
241,Sony Interactive Entertainment,636.135,111.330
242,Sony Interactive Entertainment,600.235,92.474
243,Sony Interactive Entertainment,627.883,91.705
244,Sony Interactive Entertainment,644.196,64.739
245,Sony Interactive Entertainment,694.822,73.498
246,Sony Interactive Entertainment,673.644,54.536
247,Sony Interactive Entertainment,662.538,61.383
248,Sony Interactive Entertainment,640.096,99.652
249,Sony Interactive Entertainment,707.150,96.130
250,Sony Interactive Entertainment,618.311,79.994
251,Sony Interactive Entertainment,684.421,74.717
252,Sony Interactive Entertainment,641.371,95.996
253,Sony Interactive Entertainment,625.763,63.217
254,Sony Interactive Entertainment,654.850,45.073
255,Sony Interactive Entertainment,643.539,94.401
256,Sony Interactive Entertainment,607.784,109.353
257,Sony Interactive Entertainment,682.501,139.426
258,Sony Interactive Entertainment,650.667,124.502
259,Sony Interactive Entertainment,612.639,73.806
260,Sony Interactive Entertainment,671.475,43.642
261,Sony Interactive Entertainment,603.535,116.513
262,Sony Interactive Entertainment,686.816,89.981
263,Sony Interactive Entertainment,623.133,128.572
264,Sony Interactive Entertainment,625.056,75.968
265,Sony Interactive Entertainment,709.558,126.746
266,Sony Interactive Entertainment,605.133,55.474
267,Sony Interactive Entertainment,663.858,166.887
268,Sony Interactive Entertainment,661.683,151.627
269,Sony Interactive Entertainment,698.051,82.040
270,Sony Interactive Entertainment,604.722,92.693
271,Sony Interactive Entertainment,663.652,138.652
272,Sony Interactive Entertainment,704.514,83.653
273,Sony Interactive Entertainment,606.601,104.176
274,Sony Interactive Entertainment,705.255,80.983
275,Sony Interactive Entertainment,610.628,64.183
276,Sony Interactive Entertainment,600.762,70.948
277,Sony Interactive Entertainment,656.516,129.071
278,Sony Interactive Entertainment,619.177,73.109
279,Sony Interactive Entertainment,641.609,91.542
280,Sony Interactive Entertainment,664.616,148.065
281,Sony Interactive Entertainment,602.520,121.885
282,Sony Interactive Entertainment,661.414,159.501
283,Sony Interactive Entertainment,698.498,125.491
284,Sony Interactive Entertainment,638.827,66.222
285,Sony Interactive Entertainment,607.762,62.991
286,Sony Interactive Entertainment,584.507,115.776
287,Sony Interactive Entertainment,636.614,135.881
288,Sony Interactive Entertainment,607.408,59.436
289,Sony Interactive Entertainment,684.864,138.049
290,Sony Interactive Entertainment,671.394,141.824
291,Sony Interactive Entertainment,657.324,114.717
292,Sony Interactive Entertainment,670.517,47.737
293,Sony Interactive Entertainment,622.364,56.850
294,Sony Interactive Entertainment,708.983,119.661
295,Sony Interactive Entertainment,645.337,104.546
296,Sony Interactive Entertainment,646.193,110.974
297,Sony Interactive Entertainment,626.106,124.759
298,Sony Interactive Entertainment,592.806,111.720
299,Sony Interactive Entertainment,612.180,139.931
300,Sony Interactive Entertainment,694.049,146.718
301,Sony Interactive Entertainment,700.636,137.309
302,Sony Interactive Entertainment,666.835,123.623
303,Sony Interactive Entertainment,622.273,43.438
304,Sony Interactive Entertainment,690.878,137.015
305,Sony Interactive Entertainment,629.322,156.078
306,Sony Interactive Entertainment,660.558,55.905
307,Sony Interactive Entertainment,607.522,68.869
308,Sony Interactive Entertainment,623.444,90.756
309,Sony Interactive Entertainment,590.967,75.149
310,Sony Interactive Entertainment,602.063,100.558
311,Sony Interactive Entertainment,712.972,110.984
312,Sony Interactive Entertainment,633.929,136.199
313,Sony Interactive Entertainment,710.183,95.400
314,Sony Interactive Entertainment,608.939,105.998
315,Sony Interactive Entertainment,672.969,154.167
316,Sony Interactive Entertainment,711.435,88.593
317,Sony Interactive Entertainment,689.272,143.502
318,Sony Interactive Entertainment,622.575,154.121
319,Sony Interactive Entertainment,653.591,55.736
320,Sony Interactive Entertainment,630.749,112.688
321,Sony Interactive Entertainment,636.873,97.007
322,Sony Interactive Entertainment,595.328,82.209
323,Sony Interactive Entertainment,600.756,87.932
324,Sony Interactive Entertainment,706.178,144.067
325,Sony Interactive Entertainment,635.070,105.790
326,Sony Interactive Entertainment,663.444,82.188
327,Sony Interactive Entertainment,599.225,129.301
328,Sony Interactive Entertainment,715.691,87.425
329,Sony Interactive Entertainment,695.946,59.592
330,Sony Interactive Entertainment,662.472,73.353
331,Sony Interactive Entertainment,629.471,160.632
332,Sony Interactive Entertainment,587.152,82.163
333,Sony Interactive Entertainment,621.572,164.373
334,Sony Interactive Entertainment,689.402,88.150
335,Sony Interactive Entertainment,621.676,115.182
336,Sony Interactive Entertainment,686.570,66.037
337,Sony Interactive Entertainment,676.609,94.629
338,Sony Interactive Entertainment,686.598,76.443
339,Sony Interactive Entertainment,652.721,155.832
340,Sony Interactive Entertainment,680.660,82.869
341,Sony Interactive Entertainment,671.293,85.380
342,Sony Interactive Entertainment,641.085,85.592
343,Sony Interactive Entertainment,632.453,161.256
344,Sony Interactive Entertainment,648.378,166.034
345,Sony Interactive Entertainment,681.473,147.493
346,Sony Interactive Entertainment,706.266,127.947
347,Sony Interactive Entertainment,653.620,159.657
348,Sony Interactive Entertainment,658.195,91.123
349,Sony Interactive Entertainment,659.403,171.185
350,Sony Interactive Entertainment,673.116,144.781
351,Sony Interactive Entertainment,605.643,95.458
352,Sony Interactive Entertainment,673.369,97.677
353,Sony Interactive Entertainment,633.862,49.948
354,Sony Interactive Entertainment,693.065,128.214
355,Sony Interactive Entertainment,687.582,154.368
356,Sony Interactive Entertainment,599.110,81.235
357,Sony Interactive Entertainment,668.506,141.351
358,Sony Interactive Entertainment,703.982,75.171
359,Sony Interactive Entertainment,663.153,131.065
360,Sony Interactive Entertainment,650.399,68.871
361,Sony Interactive Entertainment,601.775,134.701
362,Sony Interactive Entertainment,677.560,64.104
363,Sony Interactive Entertainment,592.380,137.312
364,Sony Interactive Entertainment,650.807,78.687
365,Sony Interactive Entertainment,619.246,125.769
366,Sony Interactive Entertainment,655.794,52.916
367,Sony Interactive Entertainment,678.078,152.468
368,Sony Interactive Entertainment,668.983,77.851
369,Sony Interactive Entertainment,626.721,134.287
370,Sony Interactive Entertainment,618.063,134.198
371,Sony Interactive Entertainment,680.905,64.709
372,Sony Interactive Entertainment,694.416,136.020
373,Sony Interactive Entertainment,691.532,145.162
374,Sony Interactive Entertainment,697.554,71.405
375,Sony Interactive Entertainment,655.926,93.363
376,Sony Interactive Entertainment,651.036,38.622
377,Sony Interactive Entertainment,681.929,115.062
378,Sony Interactive Entertainment,633.202,144.124
379,Sony Interactive Entertainment,656.610,41.877
380,Sony Interactive Entertainment,650.907,49.485
381,Sony Interactive Entertainment,669.869,160.371
382,Sony Interactive Entertainment,691.734,141.522
383,Sony Interactive Entertainment,672.038,76.706
384,Sony Interactive Entertainment,590.743,110.108
385,Sony Interactive Entertainment,656.891,71.075
386,Sony Interactive Entertainment,698.943,108.023
387,Sony Interactive Entertainment,681.718,152.104
388,Sony Interactive Entertainment,677.271,119.368
389,Sony Interactive Entertainment,670.754,50.826
390,Sony Interactive Entertainment,627.816,41.901
391,Sony Interactive Entertainment,596.222,96.068
392,Sony Interactive Entertainment,663.944,109.321
393,Sony Interactive Entertainment,663.953,153.345
394,Sony Interactive Entertainment,686.297,143.786
395,Sony Interactive Entertainment,669.786,123.554
396,Sony Interactive Entertainment,673.934,95.239
397,Sony Interactive Entertainment,663.627,93.024
398,Sony Interactive Entertainment,692.332,94.681
399,Sony Interactive Entertainment,688.217,113.494
400,Sony Interactive Entertainment,653.222,77.909
401,Sony Interactive Entertainment,653.103,162.647
402,Sony Interactive Entertainment,637.647,42.289
403,Sony Interactive Entertainment,701.688,80.246
404,Sony Interactive Entertainment,643.537,56.236
405,Sony Interactive Entertainment,643.549,141.937
406,Sony Interactive Entertainment,647.425,152.776
407,Sony Interactive Entertainment,683.301,130.712
408,Sony Interactive Entertainment,596.448,86.710
409,Sony Interactive Entertainment,601.026,97.521
410,Sony Interactive Entertainment,628.377,127.428
411,Sony Interactive Entertainment,680.708,127.710
412,Sony Interactive Entertainment,675.979,155.969
413,Sony Interactive Entertainment,630.307,93.760
414,Sony Interactive Entertainment,666.210,137.358
415,Sony Interactive Entertainment,594.175,119.765
416,Sony Interactive Entertainment,638.477,104.042
417,Sony Interactive Entertainment,693.177,109.933
418,Sony Interactive Entertainment,665.120,112.293
419,Sony Interactive Entertainment,678.596,67.305
420,Sony Interactive Entertainment,682.858,54.812
421,Sony Interactive Entertainment,645.165,108.755
422,Sony Interactive Entertainment,600.428,115.482
423,Sony Interactive Entertainment,679.774,46.983
424,Sony Interactive Entertainment,650.703,129.879
425,Sony Interactive Entertainment,680.957,132.344
426,Sony Interactive Entertainment,586.008,107.436
427,Sony Interactive Entertainment,597.012,107.861
428,Sony Interactive Entertainment,675.630,132.540
429,Sony Interactive Entertainment,648.015,92.291
430,Sony Interactive Entertainment,703.884,146.392
431,Sony Interactive Entertainment,608.541,77.672
432,Sony Interactive Entertainment,682.815,50.990
433,Sony Interactive Entertainment,607.038,122.244
434,Sony Interactive Entertainment,643.972,69.360
435,Sony Interactive Entertainment,612.022,50.859
436,Sony Interactive Entertainment,617.752,61.451
437,Sony Interactive Entertainment,609.461,123.528
438,Sony Interactive Entertainment,609.040,80.371
439,Sony Interactive Entertainment,640.936,75.266
440,Sony Interactive Entertainment,655.850,157.721
441,Sony Interactive Entertainment,684.583,128.314
442,Sony Interactive Entertainment,616.399,158.112
443,Sony Interactive Entertainment,607.502,92.152
444,Sony Interactive Entertainment,606.114,146.436
445,Sony Interactive Entertainment,630.967,119.002
446,Sony Interactive Entertainment,613.007,67.532
447,Sony Interactive Entertainment,684.168,60.594
448,Sony Interactive Entertainment,677.462,113.423
449,Sony Interactive Entertainment,594.955,109.664
450,Sony Interactive Entertainment,677.240,142.675
451,Sony Interactive Entertainment,688.537,69.937
452,Sony Interactive Entertainment,653.420,61.997
453,Sony Interactive Entertainment,695.338,86.297
454,Sony Interactive Entertainment,672.662,102.581
455,Sony Interactive Entertainment,710.136,72.188
456,Sony Interactive Entertainment,617.003,57.063
457,Sony Interactive Entertainment,644.854,106.679
458,Sony Interactive Entertainment,637.139,119.265
459,Sony Interactive Entertainment,615.709,102.935
460,Sony Interactive Entertainment,623.545,82.474
461,Sony Interactive Entertainment,592.699,87.557
462,Sony Interactive Entertainment,584.110,95.938
463,Sony Interactive Entertainment,667.063,63.139
464,Sony Interactive Entertainment,628.563,64.934
465,Sony Interactive Entertainment,660.076,41.605
466,Sony Interactive Entertainment,633.714,123.559
467,Sony Interactive Entertainment,617.186,95.822
468,Sony Interactive Entertainment,587.417,94.558
469,Sony Interactive Entertainment,633.416,83.328
470,Sony Interactive Entertainment,613.840,157.387
471,Sony Interactive Entertainment,683.731,142.970
472,Sony Interactive Entertainment,700.987,141.329
473,Sony Interactive Entertainment,631.674,59.980
474,Sony Interactive Entertainment,686.894,107.976
475,Sony Interactive Entertainment,701.696,105.148
476,Sony Interactive Entertainment,690.109,91.903
477,Sony Interactive Entertainment,614.802,118.345
478,Sony Interactive Entertainment,610.902,148.942
479,Sony Interactive Entertainment,644.382,117.154
480,Sony Interactive Entertainment,680.221,140.793
481,Sony Interactive Entertainment,667.522,152.923
482,Sony Interactive Entertainment,674.415,109.943
483,Sony Interactive Entertainment,623.583,86.210
484,Sony Interactive Entertainment,615.307,140.254
485,Sony Interactive Entertainment,634.767,146.205
486,Sony Interactive Entertainment,661.225,110.148
487,Sony Interactive Entertainment,653.848,153.376
488,Sony Interactive Entertainment,635.383,98.761
489,Sony Interactive Entertainment,651.914,99.128
490,Sony Interactive Entertainment,652.371,88.794
491,Sony Interactive Entertainment,703.788,115.267
492,Sony Interactive Entertainment,682.086,80.616
493,Sony Interactive Entertainment,717.669,93.777
494,Sony Interactive Entertainment,595.637,72.864
495,Sony Interactive Entertainment,621.741,52.122
496,Sony Interactive Entertainment,684.930,99.046
497,Sony Interactive Entertainment,657.174,47.089
498,Sony Interactive Entertainment,666.254,38.926
499,Sony Interactive Entertainment,639.992,170.748
500,Sony Interactive Entertainment,637.289,108.989
501,Sony Interactive Entertainment,641.173,132.024
502,Sony Interactive Entertainment,702.657,86.399
503,Sony Interactive Entertainment,594.470,67.791
504,Sony Interactive Entertainment,649.606,139.338
505,Sony Interactive Entertainment,705.505,86.679
506,Sony Interactive Entertainment,619.127,131.494
507,Sony Interactive Entertainment,635.248,148.971
508,Sony Interactive Entertainment,623.777,149.780
509,Sony Interactive Entertainment,625.331,112.568
510,Sony Interactive Entertainment,680.443,154.399
511,Sony Interactive Entertainment,687.526,136.633
512,Sony Interactive Entertainment,698.801,99.129
513,Sony Interactive Entertainment,668.695,65.378
514,Sony Interactive Entertainment,605.071,61.603
515,Sony Interactive Entertainment,590.462,104.600
516,Sony Interactive Entertainment,649.883,161.302
517,Sony Interactive Entertainment,621.171,95.094
518,Sony Interactive Entertainment,666.217,82.928
519,Sony Interactive Entertainment,605.633,78.188
520,Sony Interactive Entertainment,666.375,170.371
521,Sony Interactive Entertainment,686.741,147.386
522,Sony Interactive Entertainment,656.053,125.460
523,Sony Interactive Entertainment,656.909,79.419
524,Sony Interactive Entertainment,661.704,87.730
525,Sony Interactive Entertainment,668.826,107.106
526,Sony Interactive Entertainment,662.094,95.333
527,Sony Interactive Entertainment,708.697,140.156
528,Sony Interactive Entertainment,675.800,67.433
529,Sony Interactive Entertainment,599.983,85.350
530,Sony Interactive Entertainment,621.724,132.112
531,Sony Interactive Entertainment,593.008,114.309
532,Sony Interactive Entertainment,583.463,107.582
533,Sony Interactive Entertainment,635.671,63.396
534,Sony Interactive Entertainment,622.340,139.494
535,Sony Interactive Entertainment,628.675,105.796
536,Sony Interactive Entertainment,634.146,165.592
537,Sony Interactive Entertainment,639.080,50.783
538,Sony Interactive Entertainment,610.446,90.646
539,Sony Interactive Entertainment,695.195,56.440
540,Sony Interactive Entertainment,701.619,98.955
541,Sony Interactive Entertainment,651.328,91.636
542,Sony Interactive Entertainment,615.737,59.311
543,Sony Interactive Entertainment,705.417,141.452
544,Sony Interactive Entertainment,659.112,108.295
545,Sony Interactive Entertainment,654.994,139.581
546,Sony Interactive Entertainment,639.946,136.307
547,Sony Interactive Entertainment,636.963,53.443
548,Sony Interactive Entertainment,596.848,126.794
549,Sony Interactive Entertainment,623.787,133.391
550,Sony Interactive Entertainment,631.077,121.871
551,Sony Interactive Entertainment,613.506,62.316
552,Sony Interactive Entertainment,638.872,73.021
553,Sony Interactive Entertainment,652.249,59.314
554,Sony Interactive Entertainment,585.705,87.547
555,Sony Interactive Entertainment,668.801,138.008
556,Sony Interactive Entertainment,706.369,138.195
557,Sony Interactive Entertainment,692.136,81.927
558,Sony Interactive Entertainment,650.290,42.025
559,Sony Interactive Entertainment,711.132,132.777
560,Sony Interactive Entertainment,627.640,131.617
561,Sony Interactive Entertainment,709.823,84.891
562,Sony Interactive Entertainment,652.012,120.605
563,Sony Interactive Entertainment,689.008,66.933
564,Sony Interactive Entertainment,586.546,104.526
565,Sony Interactive Entertainment,694.749,96.252
566,Sony Interactive Entertainment,689.300,77.309
567,Sony Interactive Entertainment,684.785,80.257
568,Sony Interactive Entertainment,660.223,50.108
569,Sony Interactive Entertainment,615.602,108.650
570,Sony Interactive Entertainment,702.917,89.839
571,Sony Interactive Entertainment,589.142,131.299
572,Sony Interactive Entertainment,666.134,72.344
573,Sony Interactive Entertainment,640.600,107.934
574,Sony Interactive Entertainment,647.641,69.520
575,Sony Interactive Entertainment,610.222,71.094
576,Sony Interactive Entertainment,630.270,153.444
577,Sony Interactive Entertainment,676.808,46.886
578,Sony Interactive Entertainment,639.883,78.299
579,Sony Interactive Entertainment,669.529,165.879
580,Sony Interactive Entertainment,593.970,139.454
581,Sony Interactive Entertainment,675.205,49.692
582,Sony Interactive Entertainment,708.524,93.069
583,Sony Interactive Entertainment,654.636,75.857
584,Sony Interactive Entertainment,621.085,120.297
585,Sony Interactive Entertainment,715.158,126.203
586,Sony Interactive Entertainment,596.914,131.359
587,Sony Interactive Entertainment,637.118,59.463
588,Sony Interactive Entertainment,665.040,115.456
589,Sony Interactive Entertainment,593.576,84.302
590,Sony Interactive Entertainment,615.584,47.719
591,Sony Interactive Entertainment,654.410,40.519
592,Sony Interactive Entertainment,658.886,81.253
593,Sony Interactive Entertainment,672.274,168.346
594,Sony Interactive Entertainment,665.764,66.141
595,Sony Interactive Entertainment,676.045,167.427
596,Sony Interactive Entertainment,685.951,133.399
597,Sony Interactive Entertainment,692.378,86.781
598,Sony Interactive Entertainment,593.897,70.681
599,Sony Interactive Entertainment,642.975,114.394
600,Sony Interactive Entertainment,594.777,79.818
601,Sony Interactive Entertainment,655.876,85.994
602,Sony Interactive Entertainment,610.849,145.562
603,Sony Interactive Entertainment,684.075,63.525
604,Sony Interactive Entertainment,611.306,134.402
605,Sony Interactive Entertainment,648.226,79.816
606,Sony Interactive Entertainment,617.879,46.259
607,Sony Interactive Entertainment,605.622,135.922
608,Sony Interactive Entertainment,684.135,150.249
609,Sony Interactive Entertainment,650.814,115.431
610,Sony Interactive Entertainment,695.790,80.684
611,Sony Interactive Entertainment,631.156,44.072
612,Sony Interactive Entertainment,658.510,38.772
613,Sony Interactive Entertainment,694.805,105.843
614,Sony Interactive Entertainment,714.697,92.313
615,Sony Interactive Entertainment,596.856,143.482
616,Sony Interactive Entertainment,600.861,149.197
617,Sony Interactive Entertainment,683.938,112.062
618,Sony Interactive Entertainment,602.574,152.099
619,Sony Interactive Entertainment,645.590,155.637
620,Sony Interactive Entertainment,643.638,73.931
621,Sony Interactive Entertainment,615.801,162.532
622,Sony Interactive Entertainment,665.678,160.965
623,Sony Interactive Entertainment,677.479,146.947
624,Sony Interactive Entertainment,692.802,113.329
625,Sony Interactive Entertainment,618.677,108.428
626,Sony Interactive Entertainment,624.669,66.040
627,Sony Interactive Entertainment,703.786,78.430
628,Sony Interactive Entertainment,689.695,80.594
629,Sony Interactive Entertainment,715.090,101.739
630,Sony Interactive Entertainment,644.018,102.188
631,Sony Interactive Entertainment,701.640,93.419
632,Sony Interactive Entertainment,682.424,97.212
633,Sony Interactive Entertainment,668.848,53.519
634,Sony Interactive Entertainment,618.099,51.220
635,Sony Interactive Entertainment,643.373,126.000
636,Sony Interactive Entertainment,654.060,117.664
637,Sony Interactive Entertainment,662.883,64.619
638,Sony Interactive Entertainment,709.888,77.221
639,Sony Interactive Entertainment,697.448,115.078
640,Sony Interactive Entertainment,641.957,66.805
641,Sony Interactive Entertainment,697.494,151.284
642,Sony Interactive Entertainment,712.830,83.485
643,Sony Interactive Entertainment,641.768,81.127
644,Sony Interactive Entertainment,633.419,152.625
645,Sony Interactive Entertainment,674.073,64.710
646,Sony Interactive Entertainment,589.855,117.782
647,Sony Interactive Entertainment,611.156,156.829
648,Sony Interactive Entertainment,643.992,97.815
649,Sony Interactive Entertainment,609.250,158.242
650,Sony Interactive Entertainment,700.167,110.744
651,Sony Interactive Entertainment,699.121,60.435
652,Sony Interactive Entertainment,681.385,89.234
653,Sony Interactive Entertainment,613.357,91.702
654,Sony Interactive Entertainment,703.392,136.375
655,Sony Interactive Entertainment,630.018,98.048
656,Sony Interactive Entertainment,648.629,145.546
657,Sony Interactive Entertainment,669.938,97.119
658,Sony Interactive Entertainment,620.242,55.216
659,Sony Interactive Entertainment,608.341,147.838
660,Sony Interactive Entertainment,715.693,122.411
661,Sony Interactive Entertainment,687.272,80.013
662,Sony Interactive Entertainment,678.652,165.841
663,Sony Interactive Entertainment,613.207,59.207
664,Sony Interactive Entertainment,624.451,119.183
665,Sony Interactive Entertainment,655.711,164.069
666,Sony Interactive Entertainment,617.437,91.303
667,Sony Interactive Entertainment,614.766,136.149
668,Sony Interactive Entertainment,699.925,123.125
669,Sony Interactive Entertainment,708.449,101.385
670,Sony Interactive Entertainment,612.523,102.526
671,Sony Interactive Entertainment,710.442,81.414
672,Sony Interactive Entertainment,636.315,140.320
673,Sony Interactive Entertainment,708.894,136.822
674,Sony Interactive Entertainment,657.009,169.693
675,Sony Interactive Entertainment,660.516,163.039
676,Sony Interactive Entertainment,604.796,133.141
677,Sony Interactive Entertainment,601.308,60.192
678,Sony Interactive Entertainment,622.016,102.206
679,Sony Interactive Entertainment,632.959,40.582
680,Sony Interactive Entertainment,617.055,106.003
681,Sony Interactive Entertainment,680.028,122.576
682,Sony Interactive Entertainment,618.252,160.899
683,Sony Interactive Entertainment,621.215,62.472
684,Sony Interactive Entertainment,696.615,138.790
685,Sony Interactive Entertainment,691.636,67.255
686,Sony Interactive Entertainment,675.270,152.666
687,Sony Interactive Entertainment,705.763,70.183
688,Sony Interactive Entertainment,674.211,120.540
689,Sony Interactive Entertainment,700.014,73.277
690,Sony Interactive Entertainment,673.110,41.159
691,Sony Interactive Entertainment,609.423,96.040
692,Sony Interactive Entertainment,609.532,51.652
693,Sony Interactive Entertainment,656.066,37.496
694,Sony Interactive Entertainment,666.089,78.835
695,Sony Interactive Entertainment,603.033,107.825
696,Sony Interactive Entertainment,618.720,75.816
697,Sony Interactive Entertainment,613.801,127.270
698,Sony Interactive Entertainment,673.787,86.813
699,Sony Interactive Entertainment,691.838,56.045
700,Sony Interactive Entertainment,717.580,100.035
701,Sony Interactive Entertainment,649.235,135.303
702,Sony Interactive Entertainment,667.585,117.567
703,Sony Interactive Entertainment,704.562,131.026
704,Sony Interactive Entertainment,659.233,69.567
705,Sony Interactive Entertainment,658.449,104.295
706,Sony Interactive Entertainment,654.170,69.963
707,Sony Interactive Entertainment,697.797,74.819
708,Sony Interactive Entertainment,612.356,120.014
709,Sony Interactive Entertainment,653.611,123.693
710,Sony Interactive Entertainment,669.756,40.046
711,Sony Interactive Entertainment,594.326,92.732
712,Sony Interactive Entertainment,651.146,73.773
713,Sony Interactive Entertainment,636.697,144.076
714,Sony Interactive Entertainment,637.809,38.442
715,Sony Interactive Entertainment,636.720,155.058
716,Sony Interactive Entertainment,601.047,62.324
717,Sony Interactive Entertainment,673.475,59.232
718,Sony Interactive Entertainment,640.674,43.317
719,Sony Interactive Entertainment,602.679,140.518
720,Sony Interactive Entertainment,687.475,50.838
721,Sony Interactive Entertainment,621.551,123.472
722,Sony Interactive Entertainment,712.861,94.933
723,Sony Interactive Entertainment,674.844,89.365
724,Sony Interactive Entertainment,638.281,101.386
725,Sony Interactive Entertainment,630.751,109.673
726,Sony Interactive Entertainment,666.666,167.552
727,Sony Interactive Entertainment,611.738,78.713
728,Sony Interactive Entertainment,599.513,111.444
729,Sony Interactive Entertainment,660.655,140.917
730,Sony Interactive Entertainment,621.162,80.598
731,Sony Interactive Entertainment,683.954,135.414
732,Sony Interactive Entertainment,593.313,107.270
733,Sony Interactive Entertainment,628.041,108.499
734,Sony Interactive Entertainment,673.299,79.138
735,Sony Interactive Entertainment,698.599,102.860
736,Sony Interactive Entertainment,669.447,126.752
737,Sony Interactive Entertainment,650.669,62.907
738,Sony Interactive Entertainment,594.817,129.103
739,Sony Interactive Entertainment,634.233,80.381
740,Sony Interactive Entertainment,609.654,116.346
741,Sony Interactive Entertainment,655.069,142.383
742,Sony Interactive Entertainment,624.328,95.396
743,Sony Interactive Entertainment,658.315,88.171
744,Sony Interactive Entertainment,604.756,58.438
745,Sony Interactive Entertainment,656.239,136.391
746,Sony Interactive Entertainment,698.391,92.430
747,Sony Interactive Entertainment,709.258,123.962
748,Sony Interactive Entertainment,632.810,63.675
749,Sony Interactive Entertainment,677.025,58.848
750,Sony Interactive Entertainment,598.028,78.549
751,Sony Interactive Entertainment,686.599,140.643
752,Sony Interactive Entertainment,686.907,102.000
753,Sony Interactive Entertainment,660.972,105.591
754,Sony Interactive Entertainment,656.194,109.687
755,Sony Interactive Entertainment,681.583,144.282
756,Sony Interactive Entertainment,665.142,141.094
757,Sony Interactive Entertainment,635.493,102.285
758,Sony Interactive Entertainment,592.092,130.037
759,Sony Interactive Entertainment,609.256,102.505
760,Sony Interactive Entertainment,629.807,124.598
761,Sony Interactive Entertainment,620.297,68.057
762,Sony Interactive Entertainment,679.241,125.609
763,Sony Interactive Entertainment,639.414,45.596
764,Sony Interactive Entertainment,698.826,118.819
765,Sony Interactive Entertainment,689.416,131.495
766,Sony Interactive Entertainment,686.251,86.921
767,Sony Interactive Entertainment,672.979,135.028
768,Sony Interactive Entertainment,609.040,154.260
769,Sony Interactive Entertainment,635.453,45.661
770,Sony Interactive Entertainment,606.971,65.831
771,Sony Interactive Entertainment,693.368,138.823
772,Sony Interactive Entertainment,628.304,83.944
773,Sony Interactive Entertainment,707.489,83.260
774,Sony Interactive Entertainment,653.478,129.208
775,Sony Interactive Entertainment,658.560,167.091
776,Sony Interactive Entertainment,625.289,56.562
777,Sony Interactive Entertainment,694.367,151.945
778,Sony Interactive Entertainment,626.431,154.184
779,Sony Interactive Entertainment,588.430,128.341
780,Sony Interactive Entertainment,600.228,108.905
781,Sony Interactive Entertainment,590.306,100.422
782,Sony Interactive Entertainment,639.908,58.815
783,Sony Interactive Entertainment,630.142,68.440
784,Sony Interactive Entertainment,599.142,123.904
785,Sony Interactive Entertainment,667.318,103.167
786,Sony Interactive Entertainment,655.232,112.057
787,Sony Interactive Entertainment,611.142,99.599
788,Sony Interactive Entertainment,629.991,90.132
789,Sony Interactive Entertainment,650.674,168.647
790,Sony Interactive Entertainment,666.448,134.550
791,Sony Interactive Entertainment,611.197,126.768
792,Sony Interactive Entertainment,686.248,118.767
793,Sony Interactive Entertainment,637.357,56.646
794,Sony Interactive Entertainment,694.899,90.820
795,Sony Interactive Entertainment,692.485,154.497
796,Sony Interactive Entertainment,688.744,99.813
797,Sony Interactive Entertainment,651.086,82.833
798,Sony Interactive Entertainment,670.930,117.753
799,Sony Interactive Entertainment,634.679,55.276
800,Sony Interactive Entertainment,631.749,73.585
801,Sony Interactive Entertainment,584.026,100.606
802,Sony Interactive Entertainment,595.879,116.481
803,Sony Interactive Entertainment,670.598,150.540
804,Sony Interactive Entertainment,691.496,72.117
805,Sony Interactive Entertainment,674.126,71.408
806,Sony Interactive Entertainment,682.179,86.912
807,Sony Interactive Entertainment,696.998,130.674
808,Sony Interactive Entertainment,690.418,111.818
809,Sony Interactive Entertainment,598.516,140.389
810,Sony Interactive Entertainment,647.070,87.400
811,Sony Interactive Entertainment,635.561,130.031
812,Sony Interactive Entertainment,652.056,150.987
813,Sony Interactive Entertainment,634.331,89.134
814,Sony Interactive Entertainment,695.998,127.882
815,Sony Interactive Entertainment,659.586,145.365
816,Sony Interactive Entertainment,602.764,146.634
817,Sony Interactive Entertainment,678.118,139.005
818,Sony Interactive Entertainment,657.988,163.121
819,Sony Interactive Entertainment,590.070,82.291
820,Sony Interactive Entertainment,641.981,71.474
821,Sony Interactive Entertainment,601.877,57.734
822,Sony Interactive Entertainment,662.560,53.110
823,Sony Interactive Entertainment,677.234,74.910
824,Sony Interactive Entertainment,604.443,120.303
825,Sony Interactive Entertainment,595.187,99.268
826,Sony Interactive Entertainment,701.189,83.663
827,Sony Interactive Entertainment,616.989,100.016
828,Sony Interactive Entertainment,701.988,66.944
829,Sony Interactive Entertainment,685.099,52.305
830,Sony Interactive Entertainment,690.916,126.075
831,Sony Interactive Entertainment,641.634,117.663
832,Sony Interactive Entertainment,666.511,100.706
833,Sony Interactive Entertainment,599.039,95.368
834,Sony Interactive Entertainment,658.405,84.081
835,Sony Interactive Entertainment,701.269,147.417
836,Sony Interactive Entertainment,635.589,126.455
837,Sony Interactive Entertainment,696.497,67.246
838,Sony Interactive Entertainment,699.282,68.501
839,Sony Interactive Entertainment,684.779,163.009
840,Sony Interactive Entertainment,670.104,153.788
841,Sony Interactive Entertainment,674.299,62.017
842,Sony Interactive Entertainment,683.318,108.770
843,Sony Interactive Entertainment,662.549,145.308
844,Sony Interactive Entertainment,671.356,66.807
845,Sony Interactive Entertainment,688.824,119.892
846,Sony Interactive Entertainment,712.754,97.874
847,Sony Interactive Entertainment,642.830,134.860
848,Sony Interactive Entertainment,613.100,132.358
849,Sony Interactive Entertainment,594.925,133.599
850,Sony Interactive Entertainment,698.404,65.127
851,Sony Interactive Entertainment,649.017,122.340
852,Sony Interactive Entertainment,600.131,142.416
853,Sony Interactive Entertainment,589.061,91.101
854,Sony Interactive Entertainment,675.860,42.499
855,Sony Interactive Entertainment,650.090,86.660
856,Sony Interactive Entertainment,677.271,98.603
857,Sony Interactive Entertainment,651.778,136.309
858,Sony Interactive Entertainment,686.764,130.372
859,Sony Interactive Entertainment,660.020,60.174
860,Sony Interactive Entertainment,696.652,77.249
861,Sony Interactive Entertainment,624.664,98.114
862,Sony Interactive Entertainment,664.898,60.675
863,Sony Interactive Entertainment,603.097,85.482
864,Sony Interactive Entertainment,661.388,115.824
865,Sony Interactive Entertainment,642.633,129.628
866,Sony Interactive Entertainment,677.609,108.601
867,Sony Interactive Entertainment,621.015,86.872
868,Sony Interactive Entertainment,671.773,164.274
869,Sony Interactive Entertainment,637.800,157.646
870,Sony Interactive Entertainment,712.116,103.098
871,Sony Interactive Entertainment,667.145,45.712
872,Sony Interactive Entertainment,656.466,106.478
873,Sony Interactive Entertainment,641.010,164.459
874,Sony Interactive Entertainment,655.408,171.700
875,Sony Interactive Entertainment,632.980,126.343
876,Sony Interactive Entertainment,640.995,112.577
877,Sony Interactive Entertainment,636.334,152.029
878,Sony Interactive Entertainment,645.674,150.815
879,Sony Interactive Entertainment,622.616,73.896
880,Sony Interactive Entertainment,626.718,142.717
881,Sony Interactive Entertainment,625.189,59.838
882,Sony Interactive Entertainment,680.181,71.872
883,Sony Interactive Entertainment,716.712,90.121
884,Sony Interactive Entertainment,623.818,121.886
885,Sony Interactive Entertainment,658.725,126.419
886,Sony Interactive Entertainment,670.020,120.794
887,Sony Interactive Entertainment,606.920,139.079
888,Sony Interactive Entertainment,686.222,92.648
889,Sony Interactive Entertainment,691.892,64.024
890,Sony Interactive Entertainment,597.272,92.741
891,Sony Interactive Entertainment,694.391,125.065
892,Sony Interactive Entertainment,644.853,89.002
893,Sony Interactive Entertainment,684.344,147.257
894,Sony Interactive Entertainment,633.606,155.515
895,Sony Interactive Entertainment,605.814,85.948
896,Sony Interactive Entertainment,641.889,60.510
897,Sony Interactive Entertainment,628.594,168.392
898,Sony Interactive Entertainment,597.141,135.862
899,Sony Interactive Entertainment,639.089,89.184
900,Sony Interactive Entertainment,699.504,87.305
901,Sony Interactive Entertainment,605.109,151.880
902,Sony Interactive Entertainment,629.306,139.712
903,Sony Interactive Entertainment,626.242,47.024
904,Sony Interactive Entertainment,686.903,125.574
905,Sony Interactive Entertainment,642.193,109.915
906,Sony Interactive Entertainment,648.553,38.508
907,Sony Interactive Entertainment,663.965,103.048
908,Sony Interactive Entertainment,649.629,97.586
909,Sony Interactive Entertainment,604.209,65.439
910,Sony Interactive Entertainment,623.724,165.280
911,Sony Interactive Entertainment,703.408,64.407
912,Sony Interactive Entertainment,638.783,95.792
913,Sony Interactive Entertainment,661.486,118.966
914,Sony Interactive Entertainment,593.122,95.492
915,Sony Interactive Entertainment,648.127,113.886
916,Sony Interactive Entertainment,710.600,74.654
917,Sony Interactive Entertainment,604.725,69.441
918,Sony Interactive Entertainment,592.560,116.904
919,Sony Interactive Entertainment,622.801,49.043
920,Sony Interactive Entertainment,679.243,136.326
921,Sony Interactive Entertainment,619.815,49.316
922,Sony Interactive Entertainment,695.051,155.749
923,Sony Interactive Entertainment,640.501,56.018
924,Sony Interactive Entertainment,608.512,126.930
925,Sony Interactive Entertainment,681.265,44.518
926,Sony Interactive Entertainment,639.905,153.472
927,Sony Interactive Entertainment,599.512,145.084
928,Sony Interactive Entertainment,684.050,102.584
929,Sony Interactive Entertainment,709.430,90.623
930,Sony Interactive Entertainment,640.251,146.116
931,Sony Interactive Entertainment,660.995,85.011
932,Sony Interactive Entertainment,686.017,159.217
933,Sony Interactive Entertainment,615.475,151.590
934,Sony Interactive Entertainment,626.069,79.625
935,Sony Interactive Entertainment,627.367,148.150
936,Sony Interactive Entertainment,613.958,87.543
937,Sony Interactive Entertainment,665.122,75.275
938,Sony Interactive Entertainment,646.047,72.347
939,Sony Interactive Entertainment,682.586,122.874
940,Sony Interactive Entertainment,638.703,150.337
941,Sony Interactive Entertainment,665.743,150.767
942,Sony Interactive Entertainment,696.791,133.434
943,Sony Interactive Entertainment,704.299,119.244
944,Sony Interactive Entertainment,665.583,90.313
945,Sony Interactive Entertainment,687.532,47.384
946,Sony Interactive Entertainment,705.662,102.631
947,Sony Interactive Entertainment,712.834,86.494
948,Sony Interactive Entertainment,669.107,89.775
949,Sony Interactive Entertainment,626.877,86.777
950,Sony Interactive Entertainment,622.166,161.560
951,Sony Interactive Entertainment,675.488,137.421
952,Sony Interactive Entertainment,628.937,79.402
953,Sony Interactive Entertainment,630.724,81.427
954,Sony Interactive Entertainment,642.602,123.740
955,Sony Interactive Entertainment,679.751,156.817
956,Sony Interactive Entertainment,628.785,50.086
957,Sony Interactive Entertainment,620.806,90.447
958,Sony Interactive Entertainment,646.905,54.701
959,Sony Interactive Entertainment,684.694,83.850
960,Sony Interactive Entertainment,614.053,77.504
961,Sony Interactive Entertainment,702.105,112.494
962,Sony Interactive Entertainment,676.277,91.577
963,Sony Interactive Entertainment,713.543,120.191
964,Sony Interactive Entertainment,656.203,145.372
965,Sony Interactive Entertainment,652.380,113.193
966,Sony Interactive Entertainment,631.531,104.568
967,Sony Interactive Entertainment,694.228,65.734
968,Sony Interactive Entertainment,669.551,101.183
969,Sony Interactive Entertainment,627.626,119.496
970,Sony Interactive Entertainment,688.725,105.685
971,Sony Interactive Entertainment,643.424,120.922
972,Sony Interactive Entertainment,619.059,163.616
973,Sony Interactive Entertainment,685.301,156.303
974,Sony Interactive Entertainment,676.620,84.731
975,Sony Interactive Entertainment,695.210,98.807
976,Sony Interactive Entertainment,636.968,170.348
977,Sony Interactive Entertainment,692.009,90.092
978,Sony Interactive Entertainment,601.864,73.357
979,Sony Interactive Entertainment,704.426,95.299
980,Sony Interactive Entertainment,637.432,81.125
981,Sony Interactive Entertainment,708.433,69.947
982,Sony Interactive Entertainment,667.574,109.297
983,Sony Interactive Entertainment,657.221,50.050
984,Sony Interactive Entertainment,702.770,124.627
985,Sony Interactive Entertainment,665.269,57.852
986,Sony Interactive Entertainment,613.188,160.368
987,Sony Interactive Entertainment,598.074,62.809
988,Sony Interactive Entertainment,679.724,130.137
989,Sony Interactive Entertainment,653.514,105.083
990,Sony Interactive Entertainment,643.295,83.672
991,Sony Interactive Entertainment,683.305,160.448
992,Sony Interactive Entertainment,621.724,106.384
993,Sony Interactive Entertainment,656.348,151.421
994,Sony Interactive Entertainment,607.798,143.891
995,Sony Interactive Entertainment,631.866,138.156
996,Sony Interactive Entertainment,661.726,126.815
997,Sony Interactive Entertainment,614.586,146.805
998,Sony Interactive Entertainment,603.527,130.502
999,Sony Interactive Entertainment,678.821,89.947
1000,Sony Interactive Entertainment,654.264,148.404
1001,Sony Interactive Entertainment,625.550,161.302
1002,Sony Interactive Entertainment,701.051,96.157
1003,Sony Interactive Entertainment,696.348,109.450
1004,Sony Interactive Entertainment,685.451,121.886
1005,Sony Interactive Entertainment,621.995,136.194
1006,Sony Interactive Entertainment,638.024,147.306
1007,Sony Interactive Entertainment,660.854,129.033
1008,Sony Interactive Entertainment,681.893,164.478
1009,Sony Interactive Entertainment,642.664,148.610
1010,Sony Interactive Entertainment,639.190,116.884
1011,Sony Interactive Entertainment,619.389,64.644
1012,Sony Interactive Entertainment,707.880,133.743
1013,Sony Interactive Entertainment,673.649,105.099
1014,Sony Interactive Entertainment,673.674,112.528
1015,Sony Interactive Entertainment,615.124,124.969
1016,Sony Interactive Entertainment,597.895,89.276
1017,Sony Interactive Entertainment,613.849,149.284
1018,Sony Interactive Entertainment,601.739,78.648
1019,Sony Interactive Entertainment,623.414,78.837
1020,Sony Interactive Entertainment,685.261,105.352
1021,Sony Interactive Entertainment,691.133,149.670
1022,Sony Interactive Entertainment,599.999,106.312
1023,Sony Interactive Entertainment,653.949,102.736
1024,Sony Interactive Entertainment,605.882,83.130
1025,Sony Interactive Entertainment,667.949,59.971
1026,Sony Interactive Entertainment,615.136,112.577
1027,Sony Interactive Entertainment,599.701,66.642
1028,Sony Interactive Entertainment,632.373,66.463
1029,Sony Interactive Entertainment,701.346,76.414
1030,Sony Interactive Entertainment,712.631,90.954
1031,Sony Interactive Entertainment,708.097,107.141
1032,Sony Interactive Entertainment,592.977,104.010
1033,Sony Interactive Entertainment,709.072,104.106
1034,Sony Interactive Entertainment,618.405,154.529
1035,Sony Interactive Entertainment,648.016,43.128
1036,Sony Interactive Entertainment,689.305,128.708
1037,Sony Interactive Entertainment,676.176,149.082
1038,Sony Interactive Entertainment,589.630,107.196
1039,Sony Interactive Entertainment,604.110,80.640
1040,Sony Interactive Entertainment,668.229,114.920
1041,Sony Interactive Entertainment,645.495,49.966
1042,Sony Interactive Entertainment,632.197,78.205
1043,Sony Interactive Entertainment,708.927,98.615
1044,Sony Interactive Entertainment,662.016,112.979
1045,Sony Interactive Entertainment,674.429,159.380
1046,Sony Interactive Entertainment,710.927,112.700
1047,Sony Interactive Entertainment,656.338,67.196
1048,Sony Interactive Entertainment,700.197,114.439
1049,Sony Interactive Entertainment,646.099,46.752
1050,Sony Interactive Entertainment,677.268,161.084
1051,Sony Interactive Entertainment,665.615,164.269
1052,Sony Interactive Entertainment,668.252,111.857
1053,Sony Interactive Entertainment,606.260,155.284
1054,Sony Interactive Entertainment,663.432,38.724
1055,Sony Interactive Entertainment,673.756,117.825
1056,Sony Interactive Entertainment,618.431,115.864
1057,Sony Interactive Entertainment,652.913,85.543
1058,Sony Interactive Entertainment,618.969,102.058
1059,Sony Interactive Entertainment,627.782,95.758
1060,Sony Interactive Entertainment,678.510,43.575
1061,Sony Interactive Entertainment,631.317,128.339
1062,Sony Interactive Entertainment,653.540,92.907
1063,Sony Interactive Entertainment,648.351,48.436
1064,Sony Interactive Entertainment,603.256,127.476
1065,Sony Interactive Entertainment,621.018,70.723
1066,Sony Interactive Entertainment,676.350,124.981
1067,Sony Interactive Entertainment,634.230,139.422
1068,Sony Interactive Entertainment,604.010,98.333
1069,Sony Interactive Entertainment,660.789,137.878
1070,Sony Interactive Entertainment,621.741,157.926
1071,Sony Interactive Entertainment,632.365,107.161
1072,Sony Interactive Entertainment,630.176,47.849
1073,Sony Interactive Entertainment,677.457,81.707
1074,Sony Interactive Entertainment,590.149,97.356
1075,Sony Interactive Entertainment,651.346,101.738
1076,Sony Interactive Entertainment,695.359,119.951
1077,Sony Interactive Entertainment,680.672,119.233
1078,Sony Interactive Entertainment,590.723,85.038
1079,Sony Interactive Entertainment,628.360,145.791
1080,Sony Interactive Entertainment,679.863,78.978
1081,Sony Interactive Entertainment,669.930,132.585
1082,Sony Interactive Entertainment,652.667,67.599
1083,Sony Interactive Entertainment,609.044,140.920
1084,Sony Interactive Entertainment,608.710,133.276
1085,Sony Interactive Entertainment,709.336,115.620
1086,Sony Interactive Entertainment,635.500,114.056
1087,Sony Interactive Entertainment,633.458,93.982
1088,Sony Interactive Entertainment,599.577,120.842
1089,Sony Interactive Entertainment,677.897,158.609
1090,Sony Interactive Entertainment,643.591,161.848
1091,Sony Interactive Entertainment,697.299,105.607
1092,Sony Interactive Entertainment,634.599,158.706
1093,Sony Interactive Entertainment,645.381,113.647
1094,Sony Interactive Entertainment,678.257,61.124
1095,Sony Interactive Entertainment,690.187,50.065
1096,Sony Interactive Entertainment,672.498,161.643
1097,Sony Interactive Entertainment,617.819,70.086
1098,Sony Interactive Entertainment,628.711,165.354
1099,Sony Interactive Entertainment,657.250,148.084
1100,Sony Interactive Entertainment,632.925,47.120
1101,Sony Interactive Entertainment,653.441,72.731
1102,Sony Interactive Entertainment,623.228,142.765
1103,Sony Interactive Entertainment,630.661,84.990
1104,Sony Interactive Entertainment,649.068,59.842
1105,Sony Interactive Entertainment,652.771,42.933
1106,Sony Interactive Entertainment,650.435,56.799
1107,Sony Interactive Entertainment,610.393,60.576
1108,Sony Interactive Entertainment,703.622,100.825
1109,Sony Interactive Entertainment,681.100,85.010
1110,Sony Interactive Entertainment,603.053,104.368
1111,Sony Interactive Entertainment,649.133,141.987
1112,Sony Interactive Entertainment,672.000,99.747
1113,Sony Interactive Entertainment,667.573,92.595
1114,Sony Interactive Entertainment,613.433,110.306
1115,Sony Interactive Entertainment,668.997,72.417
1116,Sony Interactive Entertainment,621.942,112.491
1117,Sony Interactive Entertainment,645.593,84.932
1118,Sony Interactive Entertainment,656.353,133.106
1119,Sony Interactive Entertainment,659.681,74.225
1120,Sony Interactive Entertainment,638.311,106.473
1121,Sony Interactive Entertainment,586.693,117.645
1122,Sony Interactive Entertainment,675.585,163.225
1123,Sony Interactive Entertainment,695.381,70.005
1124,Sony Interactive Entertainment,594.549,142.049
1125,Sony Interactive Entertainment,686.318,56.847
1126,Sony Interactive Entertainment,646.779,130.352
1127,Sony Interactive Entertainment,642.700,50.372
1128,Sony Interactive Entertainment,662.912,162.083
1129,Sony Interactive Entertainment,655.577,82.548
1130,Sony Interactive Entertainment,639.063,167.756
1131,Sony Interactive Entertainment,691.896,98.190
1132,Sony Interactive Entertainment,654.853,121.186
1133,Sony Interactive Entertainment,653.699,107.744
1134,Sony Interactive Entertainment,687.739,150.700
1135,Sony Interactive Entertainment,673.404,122.847
1136,Sony Interactive Entertainment,597.925,114.499
1137,Sony Interactive Entertainment,669.387,168.846
1138,Sony Interactive Entertainment,646.235,144.255
1139,Sony Interactive Entertainment,650.010,45.823
1140,Sony Interactive Entertainment,687.376,83.796
1141,Sony Interactive Entertainment,620.784,110.051
1142,Sony Interactive Entertainment,589.034,78.281
1143,Sony Interactive Entertainment,714.328,105.741
1144,Sony Interactive Entertainment,656.863,73.835
1145,Sony Interactive Entertainment,640.684,159.357
1146,Sony Interactive Entertainment,632.212,70.411
1147,Sony Interactive Entertainment,611.993,142.611
1148,Sony Interactive Entertainment,692.326,106.682
1149,Sony Interactive Entertainment,586.578,100.036
1150,Sony Interactive Entertainment,608.405,112.353
1151,Sony Interactive Entertainment,640.740,121.378
1152,Sony Interactive Entertainment,658.831,153.336
1153,Sony Interactive Entertainment,625.578,50.340
1154,Sony Interactive Entertainment,647.879,163.082
1155,Sony Interactive Entertainment,700.089,90.069
1156,Sony Interactive Entertainment,715.533,95.641
1157,Sony Interactive Entertainment,665.894,105.560
1158,Sony Interactive Entertainment,712.970,124.616
1159,Sony Interactive Entertainment,681.605,103.968
1160,Sony Interactive Entertainment,591.196,124.125
1161,Sony Interactive Entertainment,653.614,96.621
1162,Sony Interactive Entertainment,626.933,53.401
1163,Sony Interactive Entertainment,620.575,83.955
1164,Sony Interactive Entertainment,688.515,97.215
1165,Sony Interactive Entertainment,645.389,163.944
1166,Sony Interactive Entertainment,704.150,122.294
1167,Sony Interactive Entertainment,600.456,102.513
1168,Sony Interactive Entertainment,657.623,76.989
1169,Sony Interactive Entertainment,629.993,134.959
1170,Sony Interactive Entertainment,661.820,168.951
1171,Sony Interactive Entertainment,658.759,117.669
1172,Sony Interactive Entertainment,643.614,153.612
1173,Sony Interactive Entertainment,615.821,115.308
1174,Sony Interactive Entertainment,681.274,134.972
1175,Sony Interactive Entertainment,648.100,117.518
1176,Sony Interactive Entertainment,641.762,104.487
1177,Sony Interactive Entertainment,678.659,103.919
1178,Sony Interactive Entertainment,619.030,98.048
1179,Sony Interactive Entertainment,644.362,76.761
1180,Sony Interactive Entertainment,663.708,122.132
1181,Sony Interactive Entertainment,608.377,98.065
1182,Sony Interactive Entertainment,638.173,127.370
1183,Sony Interactive Entertainment,623.780,107.932
1184,Sony Interactive Entertainment,630.925,141.547
1185,Sony Interactive Entertainment,707.222,130.856
1186,Sony Interactive Entertainment,701.158,120.621
1187,Sony Interactive Entertainment,703.285,139.372
1188,Sony Interactive Entertainment,625.867,89.084
1189,Sony Interactive Entertainment,638.492,62.433
1190,Sony Interactive Entertainment,614.659,81.156
1191,Sony Interactive Entertainment,671.178,110.126
1192,Sony Interactive Entertainment,632.774,99.669
1193,Sony Interactive Entertainment,602.624,124.509
1194,Sony Interactive Entertainment,668.719,43.480
1195,Sony Interactive Entertainment,697.493,153.860
1196,Sony Interactive Entertainment,687.505,59.851
1197,Sony Interactive Entertainment,601.761,64.624
1198,Sony Interactive Entertainment,673.267,150.239
1199,Sony Interactive Entertainment,645.269,61.897
1200,Sony Interactive Entertainment,607.129,99.874
1201,Sony Interactive Entertainment,620.400,152.552
1202,Sony Interactive Entertainment,607.664,151.720
1203,Sony Interactive Entertainment,617.288,142.346
1204,Sony Interactive Entertainment,645.990,81.562
1205,Sony Interactive Entertainment,693.437,122.352
1206,Sony Interactive Entertainment,652.742,171.329
1207,Sony Interactive Entertainment,701.494,117.328
1208,Sony Interactive Entertainment,614.262,49.844
1209,Sony Interactive Entertainment,641.204,53.045
1210,Sony Interactive Entertainment,711.043,106.458
1211,Sony Interactive Entertainment,595.594,104.712
1212,Sony Interactive Entertainment,636.222,66.537
1213,Sony Interactive Entertainment,694.708,53.641
1214,Sony Interactive Entertainment,702.501,143.505
1215,Sony Interactive Entertainment,672.658,128.553
1216,Sony Interactive Entertainment,659.178,157.479
1217,Sony Interactive Entertainment,634.932,72.677
1218,Sony Interactive Entertainment,623.576,46.041
1219,Sony Interactive Entertainment,680.591,75.091
1220,Sony Interactive Entertainment,651.377,164.952
1221,Sony Interactive Entertainment,684.394,114.764
1222,Sony Interactive Entertainment,658.685,58.091
1223,Sony Interactive Entertainment,654.879,115.230
1224,Sony Interactive Entertainment,670.064,145.100
1225,Sony Interactive Entertainment,619.675,140.687
1226,Sony Interactive Entertainment,683.369,46.257
1227,Sony Interactive Entertainment,658.143,123.121
1228,Sony Interactive Entertainment,682.843,72.165
1229,Sony Interactive Entertainment,665.916,54.019
1230,Sony Interactive Entertainment,622.037,65.903
1231,Sony Interactive Entertainment,604.944,110.750
1232,Sony Interactive Entertainment,663.512,106.790
1233,Sony Interactive Entertainment,617.636,82.704
1234,Sony Interactive Entertainment,647.692,63.093
1235,Sony Interactive Entertainment,650.016,104.897
1236,Sony Interactive Entertainment,633.264,117.344
1237,Sony Interactive Entertainment,663.788,97.394
1238,Sony Interactive Entertainment,690.119,134.196
1239,Sony Interactive Entertainment,646.017,122.416
1240,Sony Interactive Entertainment,716.597,119.422
1241,Sony Interactive Entertainment,698.446,148.775
1242,Sony Interactive Entertainment,627.100,103.568
1243,Sony Interactive Entertainment,663.212,56.351
1244,Sony Interactive Entertainment,690.176,53.752
1245,Sony Interactive Entertainment,666.107,129.212
1246,Sony Interactive Entertainment,610.042,67.302
1247,Sony Interactive Entertainment,616.751,77.814
1248,Sony Interactive Entertainment,694.603,149.125
1249,Sony Interactive Entertainment,633.110,131.157
1250,Sony Interactive Entertainment,653.722,64.937
1251,Sony Interactive Entertainment,692.798,58.743
1252,Sony Interactive Entertainment,660.382,46.555
1253,Sony Interactive Entertainment,614.790,94.064
1254,Sony Interactive Entertainment,639.985,69.295
1255,Sony Interactive Entertainment,685.955,71.747
1256,Sony Interactive Entertainment,698.809,140.784
1257,Sony Interactive Entertainment,611.906,82.307
1258,Sony Interactive Entertainment,632.311,114.848
1259,Sony Interactive Entertainment,666.887,144.225
1260,Sony Interactive Entertainment,680.912,106.996
1261,Sony Interactive Entertainment,612.199,123.281
1262,Sony Interactive Entertainment,716.144,113.822
1263,Sony Interactive Entertainment,664.643,51.063
1264,Sony Interactive Entertainment,590.805,120.349
1265,Sony Interactive Entertainment,717.200,97.539
1266,Sony Interactive Entertainment,613.679,105.145
1267,Sony Interactive Entertainment,674.794,142.662
1268,Sony Interactive Entertainment,682.846,77.295
1269,Sony Interactive Entertainment,618.183,128.801
1270,Sony Interactive Entertainment,661.153,134.220
1271,Sony Interactive Entertainment,637.654,164.657
1272,Sony Interactive Entertainment,705.207,134.428
1273,Sony Interactive Entertainment,603.369,137.785
1274,Sony Interactive Entertainment,645.582,43.208
1275,Sony Interactive Entertainment,603.206,75.772
1276,Sony Interactive Entertainment,630.310,40.793
1277,Sony Interactive Entertainment,638.667,141.623
1278,Sony Interactive Entertainment,669.542,129.721
1279,Sony Interactive Entertainment,632.135,55.156
1280,Sony Interactive Entertainment,683.589,57.625
1281,Sony Interactive Entertainment,661.547,76.676
1282,Sony Interactive Entertainment,700.279,134.151
1283,Sony Interactive Entertainment,640.658,127.425
1284,Sony Interactive Entertainment,629.840,62.768
1285,Sony Interactive Entertainment,657.342,64.162
1286,Sony Interactive Entertainment,661.103,39.047
1287,Sony Interactive Entertainment,597.604,83.869
1288,Sony Interactive Entertainment,652.644,138.837
1289,Sony Interactive Entertainment,610.748,93.838
1290,Sony Interactive Entertainment,633.130,133.755
1291,Sony Interactive Entertainment,597.436,68.688
1292,Sony Interactive Entertainment,655.095,58.643
1293,Sony Interactive Entertainment,644.732,52.929
1294,Sony Interactive Entertainment,667.951,50.731
1295,Sony Interactive Entertainment,638.059,130.958
1296,Sony Interactive Entertainment,604.430,148.943
1297,Sony Interactive Entertainment,718.337,102.729
1298,Sony Interactive Entertainment,585.865,111.498
1299,Sony Interactive Entertainment,637.266,47.592
1300,Sony Interactive Entertainment,674.118,165.856
1301,Sony Interactive Entertainment,702.663,127.186
1302,Sony Interactive Entertainment,610.771,57.365
1303,Sony Interactive Entertainment,689.695,57.639
1304,Sony Interactive Entertainment,667.934,68.668
1305,Sony Interactive Entertainment,588.687,102.533
1306,Sony Interactive Entertainment,631.430,164.084
1307,Sony Interactive Entertainment,623.594,116.777
1308,Sony Interactive Entertainment,716.908,104.989
1309,Sony Interactive Entertainment,681.209,67.885
1310,Sony Interactive Entertainment,587.538,85.303
1311,Sony Interactive Entertainment,624.713,104.752
1312,Sony Interactive Entertainment,645.302,128.021
1313,Sony Interactive Entertainment,636.953,90.968
1314,Sony Interactive Entertainment,615.373,71.462
1315,Sony Interactive Entertainment,620.477,46.196
1316,Sony Interactive Entertainment,617.051,145.349
1317,Sony Interactive Entertainment,616.628,64.637
1318,Sony Interactive Entertainment,610.133,75.243
1319,Sony Interactive Entertainment,654.183,131.725
1320,Sony Interactive Entertainment,692.912,130.807
1321,Sony Interactive Entertainment,669.148,83.262
1322,Sony Interactive Entertainment,596.562,138.298
1323,Sony Interactive Entertainment,641.667,167.434
1324,Sony Interactive Entertainment,712.509,77.702
1325,Sony Interactive Entertainment,679.500,163.182
1326,Sony Interactive Entertainment,607.098,53.076
1327,Sony Interactive Entertainment,611.527,137.473
1328,Sony Interactive Entertainment,705.155,105.412
1329,Sony Interactive Entertainment,661.805,70.306
1330,Sony Interactive Entertainment,673.636,107.480
1331,Sony Interactive Entertainment,611.028,151.675
1332,Sony Interactive Entertainment,620.010,104.506
1333,Sony Interactive Entertainment,669.499,148.223
1334,Sony Interactive Entertainment,644.270,166.387
1335,Sony Interactive Entertainment,702.057,108.079
1336,Sony Interactive Entertainment,630.867,57.265
1337,Sony Interactive Entertainment,701.144,150.288
1338,Sony Interactive Entertainment,692.402,157.826
1339,Sony Interactive Entertainment,600.246,137.543
1340,Sony Interactive Entertainment,696.064,112.395
1341,Sony Interactive Entertainment,632.534,102.205
1342,Sony Interactive Entertainment,679.073,144.450
1343,Sony Interactive Entertainment,659.809,97.299
1344,Sony Interactive Entertainment,693.340,76.451
1345,Sony Interactive Entertainment,684.045,69.419
1346,Sony Interactive Entertainment,605.081,101.742
1347,Sony Interactive Entertainment,645.938,147.830
1348,Sony Interactive Entertainment,658.276,142.809
1349,Sony Interactive Entertainment,658.453,44.257
1350,Sony Interactive Entertainment,598.382,147.296
1351,Sony Interactive Entertainment,644.644,169.327
1352,Sony Interactive Entertainment,656.611,155.186
1353,Sony Interactive Entertainment,637.534,86.799
1354,Sony Interactive Entertainment,610.829,110.420
1355,Sony Interactive Entertainment,660.096,93.056
1356,Sony Interactive Entertainment,656.771,55.905
1357,Sony Interactive Entertainment,614.439,84.754
1358,Sony Interactive Entertainment,591.187,127.187
1359,Sony Interactive Entertainment,653.099,167.640
1360,Sony Interactive Entertainment,649.894,54.249
1361,Sony Interactive Entertainment,626.273,115.495
1362,Sony Interactive Entertainment,690.063,108.810
1363,Sony Interactive Entertainment,636.669,78.201
1364,Sony Interactive Entertainment,681.272,111.006
1365,Sony Interactive Entertainment,696.783,122.558
1366,Sony Interactive Entertainment,631.483,150.269
1367,Sony Interactive Entertainment,700.426,58.319
1368,Sony Interactive Entertainment,656.420,61.358
1369,Sony Interactive Entertainment,636.357,116.750
1370,Sony Interactive Entertainment,689.707,62.508
1371,Sony Interactive Entertainment,701.966,69.936
1372,Sony Interactive Entertainment,714.186,117.197
1373,Sony Interactive Entertainment,624.220,159.161
1374,Sony Interactive Entertainment,643.059,42.021
1375,Sony Interactive Entertainment,624.053,53.584
1376,Sony Interactive Entertainment,717.565,116.173
1377,Sony Interactive Entertainment,625.341,140.194
1378,Sony Interactive Entertainment,616.917,138.070
1379,Sony Interactive Entertainment,644.428,59.287
1380,Sony Interactive Entertainment,713.259,80.283
1381,Sony Interactive Entertainment,707.948,79.517
1382,Sony Interactive Entertainment,715.412,83.834
1383,Sony Interactive Entertainment,609.380,119.761
1384,Sony Interactive Entertainment,713.238,130.396
1385,Sony Interactive Entertainment,650.508,111.141
1386,Sony Interactive Entertainment,625.580,43.319
1387,Sony Interactive Entertainment,633.558,91.631
1388,Sony Interactive Entertainment,626.464,70.120
1389,Sony Interactive Entertainment,630.342,131.353
1390,Sony Interactive Entertainment,692.744,69.702
1391,Sony Interactive Entertainment,615.398,52.480
1392,Sony Interactive Entertainment,668.180,163.028
1393,Sony Interactive Entertainment,642.995,157.870
1394,Sony Interactive Entertainment,627.939,60.372
1395,Sony Interactive Entertainment,607.846,130.644
1396,Sony Interactive Entertainment,626.983,122.353
1397,Sony Interactive Entertainment,643.389,45.793
1398,Sony Interactive Entertainment,662.970,171.296
1399,Sony Interactive Entertainment,677.798,50.781
1400,Sony Interactive Entertainment,625.331,109.768
1401,Sony Interactive Entertainment,614.136,143.995
1402,Sony Interactive Entertainment,646.234,119.154
1403,Sony Interactive Entertainment,618.774,147.482
1404,Sony Interactive Entertainment,693.996,83.831
1405,Sony Interactive Entertainment,587.715,109.613
1406,Sony Interactive Entertainment,687.018,54.326
1407,Sony Interactive Entertainment,649.089,156.060
1408,Sony Interactive Entertainment,631.346,147.616
1409,Sony Interactive Entertainment,698.027,96.126
1410,Sony Interactive Entertainment,677.300,122.126
1411,Sony Interactive Entertainment,664.513,85.349
1412,Sony Interactive Entertainment,675.448,77.908
1413,Sony Interactive Entertainment,658.049,138.926
1414,Sony Interactive Entertainment,648.890,65.762
1415,Sony Interactive Entertainment,672.693,125.365
1416,Sony Interactive Entertainment,713.025,114.642
1417,Sony Interactive Entertainment,695.883,141.618
1418,Sony Interactive Entertainment,680.915,58.225
1419,Sony Interactive Entertainment,617.917,150.249
1420,Sony Interactive Entertainment,689.600,156.328
1421,Sony Interactive Entertainment,678.209,101.432
1422,Sony Interactive Entertainment,667.123,48.238
1423,Sony Interactive Entertainment,645.418,159.091
1424,Sony Interactive Entertainment,675.196,101.047
1425,Sony Interactive Entertainment,636.554,84.180
1426,Sony Interactive Entertainment,606.206,118.470
1427,Sony Interactive Entertainment,642.668,100.018
1428,Sony Interactive Entertainment,611.171,85.041
1429,Sony Interactive Entertainment,634.123,86.414
1430,Sony Interactive Entertainment,665.946,126.477
1431,Sony Interactive Entertainment,608.498,55.946
1432,Sony Interactive Entertainment,699.676,144.898
1433,Sony Interactive Entertainment,701.567,129.578
1434,Sony Interactive Entertainment,625.903,72.858
1435,Sony Interactive Entertainment,689.559,159.106
1436,Sony Interactive Entertainment,672.586,92.789
1437,Sony Interactive Entertainment,699.054,78.851
1438,Sony Interactive Entertainment,693.501,79.134
1439,Sony Interactive Entertainment,625.892,83.577
1440,Sony Interactive Entertainment,617.326,85.736
1441,Sony Interactive Entertainment,586.139,90.330
1442,Sony Interactive Entertainment,591.446,134.972
1443,Sony Interactive Entertainment,647.880,158.541
1444,Sony Interactive Entertainment,592.715,99.519
1445,Sony Interactive Entertainment,663.358,78.701
1446,Sony Interactive Entertainment,637.258,75.337
1447,Sony Interactive Entertainment,708.240,87.424
1448,Sony Interactive Entertainment,706.998,111.244
1449,Sony Interactive Entertainment,621.785,98.284
1450,Sony Interactive Entertainment,634.510,120.766
1451,Sony Interactive Entertainment,646.323,140.586
1452,Sony Interactive Entertainment,705.295,67.478
1453,Sony Interactive Entertainment,593.351,122.484
1454,Sony Interactive Entertainment,668.957,80.497
1455,Sony Interactive Entertainment,591.623,80.425
1456,Sony Interactive Entertainment,681.452,100.403
1457,Sony Interactive Entertainment,634.671,68.748
1458,Sony Interactive Entertainment,596.690,123.062
1459,Sony Interactive Entertainment,663.149,124.898
1460,Sony Interactive Entertainment,659.237,130.958
1461,Sony Interactive Entertainment,658.954,112.573
1462,Sony Interactive Entertainment,713.290,108.423
1463,Sony Interactive Entertainment,645.984,67.083
1464,Sony Interactive Entertainment,629.276,71.878
1465,Sony Interactive Entertainment,602.667,94.796
1466,Sony Interactive Entertainment,629.612,53.329
1467,Sony Interactive Entertainment,655.511,166.941
1468,Sony Interactive Entertainment,691.102,75.028
1469,Sony Interactive Entertainment,646.648,135.647
1470,Sony Interactive Entertainment,692.646,51.791
1471,Sony Interactive Entertainment,606.433,75.253
1472,Sony Interactive Entertainment,717.669,111.570
1473,Sony Interactive Entertainment,698.035,84.738
1474,Sony Interactive Entertainment,637.095,70.444
1475,Sony Interactive Entertainment,659.467,66.753
1476,Sony Interactive Entertainment,635.143,162.775
1477,Sony Interactive Entertainment,648.419,83.299
1478,Sony Interactive Entertainment,686.892,110.747
1479,Sony Interactive Entertainment,666.519,98.307
1480,Sony Interactive Entertainment,678.006,70.223
1481,Sony Interactive Entertainment,678.333,110.925
1482,Sony Interactive Entertainment,705.114,108.336
1483,Sony Interactive Entertainment,673.012,131.373
1484,Sony Interactive Entertainment,678.971,56.057
1485,Sony Interactive Entertainment,621.902,146.635
1486,Sony Interactive Entertainment,700.203,63.052
1487,Sony Interactive Entertainment,693.416,133.297
1488,Sony Interactive Entertainment,683.486,119.031
1489,Sony Interactive Entertainment,657.576,101.997
1490,Sony Interactive Entertainment,615.480,74.477
1491,Sony Interactive Entertainment,699.077,128.283
1492,Sony Interactive Entertainment,670.907,70.475
1493,Sony Interactive Entertainment,670.886,113.770
1494,Sony Interactive Entertainment,592.193,77.454
1495,Sony Interactive Entertainment,601.997,112.556
1496,Sony Interactive Entertainment,625.016,126.925
1497,Sony Interactive Entertainment,621.025,149.655
1498,Sony Interactive Entertainment,660.093,63.653
1499,Sony Interactive Entertainment,695.615,117.306
1500,Sony Interactive Entertainment,605.792,125.105
1501,Sony Interactive Entertainment,619.471,93.088
1502,Sony Interactive Entertainment,651.355,148.043
1503,Sony Interactive Entertainment,623.736,69.824
1504,Sony Interactive Entertainment,602.179,68.489
1505,Sony Interactive Entertainment,625.806,166.838
1506,Sony Interactive Entertainment,630.417,144.047
1507,Sony Interactive Entertainment,682.866,156.884
1508,Sony Interactive Entertainment,661.449,102.089
1509,Sony Interactive Entertainment,704.472,111.617
1510,Sony Interactive Entertainment,589.438,88.097
1511,Sony Interactive Entertainment,648.315,51.718
1512,Sony Interactive Entertainment,602.351,90.381
1513,Sony Interactive Entertainment,598.149,71.423
1514,Sony Interactive Entertainment,605.494,141.881
1515,Sony Interactive Entertainment,646.618,171.908
1516,Sony Interactive Entertainment,646.713,94.682
1517,Sony Interactive Entertainment,641.864,151.153
1518,Sony Interactive Entertainment,651.464,108.709
1519,Sony Interactive Entertainment,707.241,114.040
1520,Sony Interactive Entertainment,711.075,117.817
1521,Sony Interactive Entertainment,664.622,43.369
1522,Sony Interactive Entertainment,712.498,127.746
1523,Sony Interactive Entertainment,706.427,65.311
1524,Sony Interactive Entertainment,650.080,152.938
1525,Sony Interactive Entertainment,702.867,72.465
1526,Sony Interactive Entertainment,709.948,130.019
1527,Sony Interactive Entertainment,653.294,81.713
1528,Sony Interactive Entertainment,673.352,68.708
1529,Sony Interactive Entertainment,643.292,145.443
1530,Sony Interactive Entertainment,647.527,168.759
1531,Sony Interactive Entertainment,674.103,139.632
1532,Sony Interactive Entertainment,612.526,154.110
1533,Sony Interactive Entertainment,652.913,126.617
1534,Sony Interactive Entertainment,663.384,135.179
1535,Sony Interactive Entertainment,684.981,48.457
1536,Sony Interactive Entertainment,690.372,152.681
1537,Sony Interactive Entertainment,589.045,112.845
1538,Sony Interactive Entertainment,641.239,63.672
1539,Sony Interactive Entertainment,640.970,142.900
1540,Sony Interactive Entertainment,668.506,56.751
1541,Sony Interactive Entertainment,666.811,120.514
1542,Sony Interactive Entertainment,679.483,97.102
1543,Sony Interactive Entertainment,650.471,118.485
1544,Sony Interactive Entertainment,706.907,76.637
1545,Sony Interactive Entertainment,675.302,56.781
1546,Sony Interactive Entertainment,671.299,138.593
1547,Sony Interactive Entertainment,661.249,80.444
1548,Sony Interactive Entertainment,693.269,61.481
1549,Sony Interactive Entertainment,596.334,112.074
1550,Sony Interactive Entertainment,634.397,43.211
1551,Sony Interactive Entertainment,689.876,84.819
1552,Sony Interactive Entertainment,693.681,102.829
1553,Sony Interactive Entertainment,705.313,98.493
1554,Sony Interactive Entertainment,694.782,143.950
1555,Sony Interactive Entertainment,669.632,156.899
1556,Sony Interactive Entertainment,648.547,109.066
1557,Sony Interactive Entertainment,638.599,133.734
1558,Sony Interactive Entertainment,691.485,101.190
1559,Sony Interactive Entertainment,645.986,39.619
1560,Sony Interactive Entertainment,697.146,145.806
1561,Sony Interactive Entertainment,683.938,125.548
1562,Sony Interactive Entertainment,592.152,72.790
1563,Sony Interactive Entertainment,604.690,113.749
1564,Sony Interactive Entertainment,718.342,107.477
1565,Sony Interactive Entertainment,591.621,91.523
1566,Sony Interactive Entertainment,653.243,37.537
1567,Sony Interactive Entertainment,653.285,144.272
